[  {"STATUS":"НОВОЕ","TICKETID":"197144857","REPORTEDBY":"P688038","CLASSIDMAIN":"090004012679",
  "CRITIC_LEVEL":"3","ISKNOWNERRORDATE":"2021-04-28T00:00:00+03:00","TARGETFINISH":"2021-04-30T23:00:00+03:00","DESCRIPTION":"П/Недовернутые шурупы; АКТИВ: Стрелочный перевод № 10, на станции УЖОВКА ( 0 км, 1 пк, 67 м  - 0 км, 1 пк, 67 м  )","EXTSYSNAME":"Ручной ввод","NORM":"0.0","LNORM":"0"},
  {"STATUS":"НОВОЕ","TICKETID":"197144857","REPORTEDBY":"P688038","CLASSIDMAIN":"090004012679",
    "CRITIC_LEVEL":"3","ISKNOWNERRORDATE":"2021-04-28T00:00:00+03:00","TARGETFINISH":"2021-04-30T23:00:00+03:00","DESCRIPTION":"П/Недовернутые шурупы; АКТИВ: Стрелочный перевод № 10, на станции УЖОВКА ( 0 км, 1 пк, 67 м  - 0 км, 1 пк, 67 м  )","EXTSYSNAME":"Ручной ввод","NORM":"0.0","LNORM":"0"},
  {"STATUS":"НОВОЕ","TICKETID":"197144857","REPORTEDBY":"P688038","CLASSIDMAIN":"090004012679",
    "CRITIC_LEVEL":"3","ISKNOWNERRORDATE":"2021-04-28T00:00:00+03:00","TARGETFINISH":"2021-04-30T23:00:00+03:00","DESCRIPTION":"П/Недовернутые шурупы; АКТИВ: Стрелочный перевод № 10, на станции УЖОВКА ( 0 км, 1 пк, 67 м  - 0 км, 1 пк, 67 м  )","EXTSYSNAME":"Ручной ввод","NORM":"0.0","LNORM":"0"},
  {"STATUS":"НОВОЕ","TICKETID":"196003784","REPORTEDBY":"P686280","CLASSIDMAIN":"090004000823","CRITIC_LEVEL":"3","ISKNOWNERRORDATE":"2021-04-21T13:38:08+03:00","TARGETFINISH":"2021-05-05T13:38:06+03:00","DESCRIPTION":"Ослабление вертикальных болтов; АКТИВ: Стрелочный перевод № 10, на станции УЖОВКА; ОТКЛОНЕНИЕ: 1","EXTSYSNAME":"МРМ","NORM":"1.0","LNORM":"0"}
]